Abilene-CFR-RL,Abilene-Top-k critical,Abilene-Top-k,Abilene-ECMP
1.0,0.8738449756148918,0.7529113023209233,0.6097229935390608
1.0,0.88451192055419,0.7676738598771788,0.713457223403527
0.9876352333111698,0.9052299189400482,0.7183270058021248,0.6559403129139361
0.9683062491167185,0.9471916724734047,0.82921175029701,0.6548977579324468
0.9611453230644437,0.9458311476969586,0.8026628221972373,0.6432774232525516
1.0,0.9253767062940299,0.8296218771448464,0.5938086125239019
0.9761709897756234,0.9320469246641494,0.8029563325472348,0.6918356251371127
0.9891231869860958,0.9072754451194206,0.76036944672462,0.6731816083227486
0.9925427974762318,0.9615080560606154,0.8465847988443683,0.6024642186264192
0.9793722170297262,0.9146440175383068,0.7972868884812802,0.6723514455615471
0.9827349531787106,0.8992184393049721,0.8013758620477383,0.6452903373995476
0.964507073557447,0.8386043871737046,0.7966106358810077,0.6615436447439661
0.9552274888125836,0.9309940802681631,0.725908247271866,0.5871452273264504
0.9568890562255358,0.9529782376496803,0.8221495954525245,0.689697571560967
0.9226091628610789,0.9372435653835338,0.7856086540701321,0.6462952825134772
0.9411804112889621,0.9155850715266144,0.7719177196094457,0.6427233946621865
0.9704619446080315,0.8819049045094852,0.7909812893783896,0.6758851853523845
0.9397127043976895,0.9681129023496239,0.789638314172606,0.6454930952527038
0.9622892040286672,0.8989412472242867,0.7528264812154236,0.6192027820197945
1.0,0.9462887004536518,0.8253079673680066,0.6361296581949808
0.9684365009821871,0.859649587203058,0.8155048110356025,0.6736139208288184
0.9367698334387083,0.9457909446214999,0.7793194705027999,0.6166319184557244
0.9503094829475826,0.8707040642723225,0.7034749768238991,0.6705462009429657
0.9638169598628247,0.9214855939039355,0.820811783368164,0.651500047088982
0.9595369137358593,0.8459597836662784,0.7728461163182171,0.6204453535109822
1.0,0.9000516377809248,0.7517566584550964,0.643141992454387
1.0,0.8769549327160451,0.8053049537195621,0.6892481271441283
0.9934193478449481,0.9164204677492414,0.7896642183938088,0.708298221980066
0.9995409041257509,0.9096218294456683,0.8079786872981535,0.5805931251739231
0.9751271860122432,0.8603271321813186,0.7700634393896505,0.6687239545110685
0.969423353796318,0.8734804445604034,0.8093467563137402,0.675804521036918
0.9555359638737075,0.9455467804980435,0.8546921731597795,0.6671260321475283
0.969590401218639,0.934261792905995,0.7271388848535048,0.5699514405178452
0.9593339586017136,0.8748174326482632,0.790184802018778,0.6108312937225232
0.9604489660349426,0.8961471162055059,0.7973847351374044,0.6490916707822406
0.9885499703859978,0.9055858429518564,0.83095416440946,0.6462601615485968
0.9787593233784616,0.9087662270566564,0.8013812330429219,0.6810066528912888
0.9385462417604461,0.9078699165583183,0.8224966818487559,0.7351747090324595
0.9787820247116144,0.897371282517837,0.7868663846850428,0.6799972778438128
1.0,0.9120772718592682,0.8027279344880901,0.6233943307919049
1.0,0.900285198330993,0.7624584222100862,0.6746114164951365
0.997795343960796,0.922355615846211,0.7910487444824255,0.6142770774306245
0.9807325060093367,0.8651197437048818,0.7812289132335041,0.6151524735102425
0.9852361919076925,0.8744504234560523,0.7848673064231468,0.597181494770125
0.9986952544590292,0.9167232163510017,0.8548982620657254,0.6847169212591926
0.9321705835657159,0.8213696578286428,0.8641272832397606,0.6431179062680847
0.977911357987039,0.8745329616636541,0.8057823933165471,0.659620751860718
0.9994578252523068,0.884711465058309,0.81394065195427,0.6436042561204363
0.9643592977307134,0.8561595732349966,0.8720704217119054,0.6009733259129791
0.9797170258868887,0.9651938694050786,0.8617119629828112,0.5816651404657839
0.9642177755693858,0.8909219867247766,0.7420639059223628,0.6716675813477468
1.0,0.9626819950543699,0.8382049735533074,0.6443640983218714
0.9856998137869883,0.9388812099130542,0.702208190937599,0.6576432251354739
1.0,0.9534379123703749,0.7475158345583683,0.6220824596613059
0.9218201311714949,0.8920210389269982,0.8406632525725856,0.6275990155790049
0.9827091752709881,0.8360759186048615,0.7274513128622351,0.6639297039640072
0.9724832672990572,0.8705611709500435,0.8871218401867706,0.627051909569597
0.9567638519108421,0.9625721553602273,0.7855280973553702,0.5986775177374988
0.9868236093620791,0.9616879569067004,0.644174213078167,0.6931775856152569
0.9665680039536548,0.9219281234431184,0.7249656343105733,0.5571418492081562
1.0,0.906344488671891,0.7472893501879125,0.6421043507110917
1.0,0.9133069358554187,0.8512171422103377,0.6670429616239246
0.9636208013001528,0.9377540018888978,0.7266286213597437,0.6788598002456395
1.0,0.9577251276191155,0.7309277670339599,0.5878978270080544
0.9788413648625095,0.9362442233662119,0.8073865892939975,0.601826701694915
0.9992380701639896,0.8692294658958051,0.8082393975116485,0.6244597934266919
0.9860528838794449,0.8188704773505261,0.7729783775838519,0.6856308912801925
1.0,0.9221329830783048,0.8299715567510295,0.6313282943708259
0.9574842502640597,0.9160989222339846,0.7888608294023735,0.6806275969504715
1.0,0.8954640750710702,0.7790226146189454,0.6875552183156135
0.9827696950201512,0.795174804047168,0.8297046882003615,0.5909017754069895
0.9623708365504495,0.9292392529099592,0.7687255789729801,0.584132634306648
0.9559884952910737,0.8844833560215735,0.8471015418149577,0.6294767934695285
0.9621213065682731,0.8562753575988641,0.8454059236865777,0.5952775397237955
0.9856026231007772,0.9134590373765735,0.7444471984829099,0.6163968425459112
1.0,0.8346533139887979,0.756846442373363,0.6366914523741226
0.9794629392474583,0.9507904197304665,0.7703942713826896,0.695181378404753
0.9646081481034816,0.8503663425492003,0.7143413320185439,0.6754531022294726
0.95303734547141,0.8825337663887922,0.7774990173751062,0.6561927676708357
0.9540270988027036,0.9185751676993136,0.7814243317062629,0.5824495339295165
0.9723461627420367,0.9574006385678165,0.8324944065835848,0.6117768592257059
0.9907099689931484,0.8539256721296288,0.7735286704381877,0.6640647695723759
0.9664263469559846,0.9121460739573345,0.6460844816596156,0.7275869238064289
0.9443162183549113,0.9426649829557145,0.8528003001622118,0.6561520069300607
1.0,0.9514612162062523,0.8661687180037347,0.7134574155715223
1.0,0.8636755021775175,0.7992370383443346,0.6160932579419629
0.9741332388952778,0.9198568703319799,0.7946385783857369,0.6566715780941497
1.0,0.890575856067099,0.7734411276155944,0.6508330688054543
0.9636097186487849,0.8879670902273706,0.8463219731323397,0.7014843496996064
0.9902638250499817,0.8615598198362806,0.8381708583467005,0.6443813016995972
0.989669064317119,0.9451538372951882,0.8356692251768599,0.6741752683263632
0.933578635539156,0.8960094550025014,0.8039116643009763,0.6612283368453813
0.9433055827882986,0.912705996922025,0.7410549372594831,0.642564821047259
0.9464272756631312,0.910103291328324,0.7966490555874048,0.6313029361150264
0.9887810456691521,0.8129389860694552,0.7894867927009868,0.6888407185826473
1.0,0.9200729248245386,0.8175486446156063,0.6364458412812418
1.0,0.9288096592457691,0.8284969517377658,0.6846880392885959
0.942876359560191,0.8977940871737313,0.6969557853512913,0.5905842762914355
0.9489889883253043,0.8540244310456268,0.8559626546786507,0.6564984191337417
0.9998214512370764,0.8225061702024066,0.8669425587270477,0.6655544607923332
0.959263435490659,0.8933596724154507,0.8511651056721724,0.6361209087406964
1.0,0.9303783182953312,0.7872227062684687,0.6390413112925755
0.9855742996301436,0.8919760470938007,0.7974367595547827,0.6541241906462744
0.985884074273424,0.8578128903004713,0.7965038216402728,0.6545361763576518
0.9995474617066175,0.9362690059198844,0.8014314759863199,0.7010785347269823
0.9659783741412531,0.8864631693975571,0.8610107253068374,0.695254051345348
0.9669592252320479,0.8936018615939938,0.8209220794494618,0.6749837240672054
0.9665587757918217,0.883102310057606,0.7955411379378418,0.6964056900954542
0.9732250760987162,0.9209024722931178,0.8210590432491307,0.6085759746206993
0.9414259936409182,0.8201815389068227,0.7771380309874572,0.633701338038569
1.0,0.8910393386785711,0.8086491341142649,0.6435650409576167
0.9891267626616431,0.8820809678123754,0.7909990141036662,0.6465656607710712
0.9879391417526311,0.9046773905161233,0.8184487730657505,0.6762089477694117
0.9839252103627597,0.9031704943141798,0.7390890957689769,0.603825217203915
0.9719144034116606,0.9136531784661599,0.8326347962126113,0.6071816851429258
0.9692241131731734,0.9291396725933698,0.8337730819857938,0.6366356906672761
0.950282833742233,0.8947338327502325,0.8350054124325771,0.7136463865043697
0.9957144293409113,0.9769432607891028,0.8153241126876754,0.616844711714119
0.9713721363778771,0.899423145498049,0.8292344736558614,0.6828092443313499
0.9854218506552629,0.8999284188452777,0.8313012369819069,0.6458977797340226
0.9544187819768922,0.8935963102852611,0.7738434572162967,0.6821215889419371
1.0,0.8813124306796132,0.8050990203996635,0.6674462386176343
1.0,0.8567773539392601,0.8163910609469753,0.5452231877652033
0.9314518506011218,0.9015046407417298,0.7411108443432569,0.6330688506281079
0.9495575506642472,0.862609297807551,0.7853288685931573,0.6381203432413814
0.9635922199101672,0.8767376318450089,0.8028601024831956,0.6394913222149806
0.9836853148382675,0.8541662527811574,0.8551826275785286,0.6423855691227016
0.9841684469770806,0.8956474169647108,0.7592328108941535,0.5813546206222007
0.9990333923049743,0.9138610436140016,0.6936977635614465,0.6422384092774847
1.0,0.9276701998571506,0.8290068648837886,0.6057323227213146
0.9580595022560706,0.8684180164315236,0.8185128897778469,0.5336253706257662
0.9080627203092875,0.8919312598642563,0.8309667274368735,0.6380202028353633
0.9760891578414504,0.8881645148348003,0.817196774864798,0.6749790678387557
0.965897314830071,0.8325861252665352,0.8494720230545034,0.6368242615964749
0.9765001246207204,0.8673826905886829,0.8063275726748863,0.65718432837242
0.9687733101166766,0.9033458569956312,0.7684928473490523,0.7048732619112934
0.9588949040535781,0.9220207997595447,0.7222794950239065,0.6611161751416714
0.943251776566818,0.8851664290124516,0.7381503377016142,0.5722566183097244
1.0,0.959991778113471,0.8809265408060506,0.6347792858566024
0.9450299014855555,0.8558189976675771,0.8899077324343816,0.6168797782232021
0.9700733161891869,0.9087687862587269,0.8413803031117089,0.6172126703830639
0.9513159994507822,0.8626937289140557,0.7865118839260086,0.6079479062589651
0.948086833546455,0.8364015458681704,0.8727345805499516,0.6603683748536913
0.9402109217975305,0.9093387497151082,0.8023397276448393,0.5627221233243791
0.970075582557899,0.9258378754828919,0.8100028674561757,0.6555695469215871
0.9910313636725804,0.8957256520757684,0.8013694005632721,0.6624394002678863
1.0,0.892527912393421,0.7705497937614291,0.5830363316016814
0.9998162456526686,0.948277167005566,0.7493712243678184,0.6064137053354179
0.9734884608654919,0.8904725136962123,0.8804632201500209,0.5748338181447842
0.9706033094753478,0.8642006134191165,0.7956089360437201,0.7083817751163669
1.0,0.9438529648446475,0.7453078531310245,0.5623544800204632
0.9887381837964104,0.8096977555642901,0.7295276159361775,0.6686829326779857
0.9903705710481302,0.9133516034433484,0.7886302294516232,0.6824255364735413
0.9837399275453843,0.8918012824192568,0.8282792666931184,0.7238577527614243
0.9367526629535258,0.9309604705062278,0.7858906148777308,0.6673387727216958
0.9445770883906471,0.9322745350371291,0.8691295093501431,0.6558956345260393
1.0,0.8899034285168717,0.8213919868799039,0.7033123880998494
0.9788325588227667,0.9188998335777101,0.7418068000472856,0.7618507107962863
1.0,0.9278018230883667,0.850788385321336,0.6180126427177358
0.9356171277684507,0.8998740943978671,0.7548796494521796,0.6099996278343894
0.9530829996426616,0.876618862033893,0.8058621165335109,0.7046588991676155
0.9618482200932909,0.949780573749376,0.8172935921494948,0.6573782082544141
0.9769990799136026,0.9732748216409114,0.8993148798887178,0.6952237537906757
0.9640388218728791,0.8906018410839599,0.8505608876404691,0.6250988347091329
0.915043283396895,0.8487515390383671,0.8646362349922866,0.6335828744955587
0.9897339312485361,0.9205986083774831,0.8573749780460105,0.6170865132310013
0.9822127825107373,0.9320693407594763,0.9103128745109731,0.6418516701254664
0.9996366774238562,0.8780506773680955,0.7964545517000207,0.6159675004733935
1.0,0.8924702525498371,0.8499482580582797,0.5915394374884891
0.9950077662269344,0.9387647153989279,0.8609480729960854,0.6665691620256519
1.0,0.8649227772171526,0.8391486180089581,0.6130583250374863
0.9918926254873407,0.8732716042816882,0.8909469350003406,0.6790725168087209
0.9547017852603445,0.9181712763899281,0.8712522048678445,0.6502384983521357
0.9616335482656403,0.9375031683477375,0.8174319546645522,0.624711767309759
1.0,0.9025880494357439,0.8205896665319912,0.6754524692703212
1.0,0.9673706397766225,0.7419060376155024,0.689252433801216
1.0,0.9197595924108652,0.7943334123292402,0.6700755462184832
0.9803201818965331,0.8888744380439892,0.8077509629892801,0.6098380110223365
0.9117985831172564,0.8839231280756835,0.8741709039375832,0.5316639863876815
0.9940864826168171,0.9107881285573182,0.7641109263297893,0.6915890886970228
0.9879838742153558,0.9131290785573939,0.8093321986629933,0.6597541220694708
0.975231254564394,0.8643767725401399,0.8059461961730601,0.6140272959911814
1.0,0.9049494943167582,0.8221717552997497,0.6304767587065601
0.9864158835199118,0.8795299617368862,0.7478741422075871,0.6119069802364931
0.9526635045702553,0.8681333727758839,0.766230903179343,0.6530996288272468
1.0,0.8905462611202544,0.816419537660761,0.6316331070851239
0.9720062466596939,0.9235715624535137,0.8311734709080388,0.6587152644094638
0.942391040912345,0.852482919490746,0.7504891613614357,0.6680851539320571
0.9747680351875011,0.9201323826638345,0.7548207454815605,0.6157213346010705
0.962462115957066,0.9997980486166262,0.7976536304423972,0.6291806349571019
0.9450755740930823,0.9140913404800532,0.8450233523363014,0.694387397171405
0.9703218951725199,0.9339433778773844,0.819081089006512,0.562139021670425
0.992661508470738,0.992501450939584,0.7323827837363324,0.5842527492060645
1.0,0.9757116800481778,0.7804574513794612,0.6051932428630153
0.984492823843567,0.8994579808860429,0.7631903131112932,0.6740112025072831
1.0,0.9188448219080219,0.9257351070714526,0.6468317275995578
0.9828833942436789,0.8866178333998472,0.7949612695888555,0.6478127557093913
0.9989145265896867,0.9199492762142016,0.8887687385095601,0.6322027731069637
0.9748075866915263,0.9079068325794243,0.7145741173763601,0.662781259378912
0.9595981129728139,0.9278589483097497,0.72819593167008,0.692199804728784
0.9832714971132214,0.8858375551711019,0.8807008595650516,0.6103926056956783
0.9604421928898887,0.9314023476121074,0.831782304284259,0.6784676019766236
0.940931348144584,0.8960623083654244,0.8043692279878656,0.6879773002705868
0.9261759843933519,0.9656888878126698,0.7924388527035817,0.6491300616262449
0.9937738138114705,0.908122874201995,0.835546954583344,0.7781232700838898
1.0,0.875934948931886,0.8043991731678031,0.6247696133162959
0.9361369346018134,1.0,0.8329108896239297,0.6707551496517328
0.970469461309515,0.8992960660087623,0.7699239503132848,0.6249939665329661
0.9713689896713432,0.9042408262486484,0.7737990084994428,0.671045486068641
0.9563614552617408,0.8746238857872675,0.8566872203631951,0.575262757888295
0.9686766859315313,0.8769753959941586,0.718309555567954,0.652316617195124
0.9560333896351698,0.890263281919935,0.7731746378138034,0.6463935472202648
0.9717328463067556,0.9124410029486479,0.7132657927285483,0.6230332189001074
0.9804657864370686,0.9069919000602237,0.7819154003092628,0.5636006344923381
0.9496802336081469,0.9636731056858592,0.7245385504992594,0.6255309141677357
0.9978091093322324,0.8659473566246022,0.7914113964029675,0.6414097941712811
0.9861834894887707,0.9267173056618403,0.8151115142492059,0.6040061232825609
0.9834512766411472,0.9415696012054988,0.7385665868012817,0.6555080831557517
1.0,0.9594794104396057,0.8552438998969809,0.6566534212638325
0.9776222442479983,0.893211677706026,0.7802364286235618,0.6872091774633827
0.9799192100574738,1.0,0.8589242684326769,0.5842845913723463
0.9722603081725002,0.8741813888890251,0.8406825977222698,0.6808086924298016
0.9807177323480242,0.939551239277982,0.8043479037098632,0.638636727529942
0.958958722465936,0.9265897151093833,0.8127451958109121,0.6790226996511898
0.9885376024667681,0.8953901640330327,0.807799483784384,0.5628041015666527
0.9506961646029691,0.9534246874984887,0.7491153423174345,0.5746310928058083
0.9847444144665578,0.8987167517347685,0.7401748290804923,0.6865488934346029
0.9905247715977412,0.8610991733824712,0.7684004872015893,0.5852811829181456
0.9829226632611608,0.9913334579438837,0.8372146742976678,0.6716610990468921
0.9568845955022364,0.9439948281358853,0.758689789406908,0.7380276780040838
0.9805629822145585,0.9077486621518821,0.8020152740294947,0.6414289537500336
1.0,0.8415437684348861,0.83329772147732,0.6620744555816879
0.9792452097299319,0.9187892802256665,0.793851676131299,0.6250147356017256
0.9258147904324375,0.948313428152886,0.7877807500137587,0.6090707003210742
0.9805717868110551,0.9321136092728752,0.7859025994860153,0.6619634733646972
0.957061408630087,0.9100444019220645,0.738146205087488,0.5911111373727727
0.969221388147813,0.8979081267777986,0.7683170801918073,0.603167093081788
1.0,0.9008541826318688,0.8089048985348405,0.6437138786955565
0.9647538671623974,0.9385715217717363,0.7315992541884299,0.6148780111053465
0.9545078331335315,0.8472382118517099,0.7485309825193808,0.6091791463721177
0.9711836344328474,0.8850783071693009,0.7563006559030109,0.6992091329576186
0.98374844934855,0.8914734302304114,0.7908913557927246,0.6122882746693027
1.0,0.8642703069765355,0.7825996271568242,0.6536762855581687
0.9289973932239833,0.8948938053587052,0.8154188157292778,0.6976483808792672
0.9401247273010425,0.8727155213349659,0.7555742805584869,0.7467488854025685
0.9572959197682209,0.9486131983699162,0.8517016503626792,0.7439503961551373
0.9476857996017526,0.8665967416166392,0.7846011973455933,0.6867250295273274
0.9535610174195893,0.9778365366332372,0.7278694577393464,0.5792079699563416
0.9867203258477873,0.8664097412643645,0.8625712303880326,0.6867568416416386
0.9697211225286327,0.888569072758789,0.7572887616340157,0.675761264030292
0.9550102727410462,0.9112576354831854,0.8088725852666624,0.715172968201848
0.9961604074154241,0.9429775458695178,0.8318309644804573,0.6184173638662765
0.9577639967029742,0.9222569580342841,0.8137696203787617,0.6442752963469818
0.9864286291191386,0.9337635044715314,0.7510515312185706,0.6095653741857634
0.9865063443796065,0.8661231635044842,0.717228528547168,0.6765269495987634
0.994267071336997,0.8727196225063887,0.8663004298250605,0.6549329020184901
0.9771258655490223,0.8626964218430525,0.7977466464324642,0.6212552632092327
0.9546007786826675,0.9371204171924586,0.7546132332003107,0.5333929352807927
0.9581350688330644,0.8873322367633837,0.7682182649220152,0.6467676025505259
0.948982232565481,0.9792274486912554,0.8806366565161924,0.6080489844713742
1.0,0.9088390104745587,0.7832214149267493,0.617500850312182
0.94934221368047,0.8900347077551594,0.875900875338354,0.622236609959018
0.9681313705476297,0.8289740908980842,0.8504075773452452,0.642173360808438
1.0,0.871912898316716,0.7799976132613455,0.6976664681133544
0.9863122692189147,0.896919252460086,0.8658928099512515,0.632000137515229
0.9298957277807185,0.8422777701754071,0.7434927953978134,0.6477739514148874
0.9884096350514767,0.8679156634893873,0.8250420743196779,0.6832847230356722
1.0,0.9664263353889141,0.7542213272152817,0.658655721470815
0.9838150412065,0.916846059185446,0.7781440275603326,0.7497659435520263
1.0,0.9082398218741429,0.7529963933333382,0.6408350342373573
0.988427992613091,0.9090110792271363,0.7785229655661885,0.6564809078088254
0.9573193982939133,0.8921619533500511,0.7313156434047368,0.6042632962562074
0.9824197143297595,0.9815453195295104,0.8118334288851223,0.6764511321649906
0.9794191168747167,1.0,0.8950295255856371,0.6456799143281235
0.9591131454657457,0.9169971281641359,0.7899497789219572,0.6564707311421629
0.9257030721629566,0.8768125287693991,0.7311448701481048,0.6606334942418342
0.9606316203561717,0.9326060946530922,0.8156855425822747,0.6616648279858318
0.9745253763198164,0.8800379882369598,0.8125669341413732,0.6781514173821954
0.9363950113864363,0.9568244031374615,0.7892493733323319,0.6128792132449875
0.9959863130541395,0.9443041239816526,0.8227360628593964,0.6051446055668662
0.954798430390314,0.8535700973830241,0.8066610194182645,0.6254753633712729
0.9731934394012424,0.9114924730524956,0.8608537994438702,0.6555887434024148
1.0,0.8528061526911911,0.9391691298641578,0.7428410369291059
1.0,0.9003281852504613,0.8491883244288713,0.6398869621040041
0.9855446215216224,0.8926677027711746,0.8890620961474879,0.703841135724466
0.9863096445038364,0.8250316783445206,0.7921130390666429,0.6797941608700337
0.9871059700398568,0.9094379972540195,0.8604345922058717,0.6654320484333962
0.969662935610656,0.891736015756765,0.772568227952938,0.5371771626112345
0.9044269608956732,0.9102088487326089,0.7817683576863244,0.6356403899856388
1.0,0.9259568543216768,0.7924701119751191,0.6753360757831974
0.9892471113982667,0.956766622954239,0.7570052863131881,0.6393055640040332
1.0,0.9632611559595049,0.8228931119153249,0.6217829391754127
0.99520697621001,0.963361745685984,0.856156050966013,0.6188117965974392
0.9910499807321648,0.8575670517799973,0.8276432352484359,0.5800649841789404
0.952496378083999,0.8972786283207606,0.8043704963472549,0.6911160224173409
0.9513525387076955,0.8640864198704508,0.7765916435454807,0.616135575123246
0.9823896904260404,0.9466127701607195,0.7899550183202235,0.6215409746158819
0.9944125635396522,0.9362916551287814,0.7572358278463764,0.6799710418532601
0.9812849434882127,0.928960339327354,0.7171810996636647,0.6344975104204187
0.984472354239752,0.8490656507354003,0.8625658849402916,0.6697014334744614
0.9942678749769451,0.8528227022745752,0.7722543918639581,0.6303876345657657
0.960120265712176,0.8058688557181907,0.8910991675310203,0.6294629819067646
0.9831878559488478,0.8825193577917281,0.788426192558264,0.6189158201035989
0.9848910850795057,0.9253513871007311,0.7895994360154778,0.6228104765932564
0.9420220681679189,0.9361690684466816,0.7793714518487757,0.6207543346611514
1.0,0.8868121617257233,0.8375132689169575,0.7148823087342094
0.9752080093140375,0.9331403453858947,0.8413435209688896,0.5900149347621856
0.9851346583198974,0.9467415456910339,0.7199245844613907,0.6698977102749321
0.9470825823111072,0.9041421654881667,0.7890460772322788,0.708811204543409
0.9305836261375567,0.9064663147507007,0.8324621367481129,0.6162034546524593
0.959341698602844,0.9082221855778828,0.8241329235888465,0.6638562949266936
0.9748679237895239,0.844906565365479,0.7903025085324601,0.6771001204472495
0.9912514950049864,0.8772629421411234,0.8078428234308804,0.5991347769911607
1.0,0.8824964446095735,0.7824143762328607,0.621682980057295
0.9750599803184136,0.8911872527746311,0.9458122905764004,0.62865631798739
0.9668629083076724,0.9335361806384994,0.8465744348558979,0.6488207452044655
0.977666863764157,0.8920221501290928,0.7083389236901427,0.6395362286599461
0.9932431603832359,0.8585289755963729,0.7845140594060451,0.6682085797939166
0.9990766550013359,0.9711212388642104,0.7352398630070109,0.6941374065445599
0.9762325912691978,0.9769076489621814,0.8390710732905089,0.6561875264277358
0.9587424781847198,0.8990673416576154,0.807447731223965,0.6386919275518712
0.9595303300332059,0.8629652718008783,0.8110250356889489,0.6450851346989193
0.997469023430404,0.9235124785592672,0.7845716720882361,0.5878922111498207
0.9801926134940719,0.9046075695340309,0.7783676421932194,0.5585544820737578
0.9655998113939307,0.8952139074536192,0.7472812056377434,0.6656422951615469
1.0,0.9453815893015989,0.8630650257218705,0.6331842652859209
0.9955529665228968,0.9103658293829169,0.7627165316827447,0.6484204704166142
0.9961096383403761,0.9168525700667689,0.8299685156124534,0.6190750194937543
0.9948671893778874,0.9684502872573891,0.8084913922517825,0.7510743502345001
1.0,0.8501397268038057,0.7469124013155308,0.6592654673011117
0.9980976796028539,0.9072111937373643,0.7705795254267747,0.6077484682798844
0.9720941950231587,0.9095896010295457,0.7353348621920265,0.6036602001061127
0.950670416040448,0.8660758720521722,0.8362288985296106,0.6762827610950772
0.9664514675934656,0.8818169101102769,0.8096091333055723,0.6166509250584474
0.9988342992349242,0.9757016860171976,0.8240478493144354,0.5836718603064692
0.9508940750437473,0.8489948215757347,0.8384038352840233,0.6791224316843888
0.9940304936785794,0.888413467829012,0.8336376361526174,0.6366974778197949
0.9396683451734047,0.9323238931993145,0.7922191088569712,0.7043880728889375
0.9692179560117602,0.9218077962737222,0.7962354556716271,0.5867468751543061
0.9026052605588096,0.9623100534961911,0.80896099727757,0.7122125352424156
0.9969724638192503,0.8884354338036241,0.803401361218547,0.6497629971686854
0.9892930318251496,0.8601417850383465,0.7666297006501644,0.5769231567884883
0.9983164006777544,0.8839616301889438,0.8568383584893395,0.7153789747559812
0.9710212156255646,0.8971160042400548,0.8097620302166796,0.6009135343671811
1.0,0.9169871017044517,0.7184537293487965,0.6618256095427346
0.921859531502282,0.9459131169473695,0.8525840018659705,0.6202365937685267
0.9672652484711088,0.9179560013415677,0.764139948388835,0.5814461044360867
0.9471335517146752,0.8983510399974929,0.7607316115627604,0.672617657829647
0.967346977970691,0.953004255208565,0.7655242208387831,0.7267355462748153
0.968980547485198,0.932601069930691,0.8925791674492315,0.6060803820051706
0.9919197602398863,0.8874462784529081,0.8160639565785863,0.6427826794344926
0.9786913388936216,0.8511524315543465,0.8464016163825393,0.619527060757285
0.9640569879957359,0.9194914803661871,0.7789669361237883,0.6486863668585702
1.0,0.9672838174341037,0.8369495975474197,0.6302175943247053
0.9570036350810223,0.9288837808694052,0.7634450576099315,0.6814448986546836
0.989600946925064,0.9323235451061628,0.746120034958437,0.633578557504169
0.9701634495474383,0.9445111339896911,0.8106631255403765,0.6676991714186743
1.0,0.9670758991271953,0.8305008963264127,0.5926017311579033
0.9480924059223507,0.8989909205262353,0.7879448772809279,0.6268963527222009
0.9448151439870042,0.9137913593575717,0.8138745476729834,0.673837115106149
0.9649876386184638,0.9183621857416391,0.7708046854737796,0.6699403850920546
1.0,0.9141158468830072,0.8285722665431726,0.6231822870341939
0.9665211732393487,0.9064640330049186,0.8201743696139224,0.6724362616057737
0.9568268849066588,0.9113003058253653,0.8848461593371276,0.6419426565349234
0.9549925114143212,0.8835255921763929,0.7942084558114377,0.6646012568876909
0.9801140429696312,0.8896522965051874,0.7955375525600918,0.6652289882168864
0.9360632427468102,0.9043403671261045,0.7493210440929832,0.6071918847607902
0.9516935628179941,0.8879457199408191,0.762640546275546,0.6571635706861483
0.9934503082490015,0.845567381275149,0.8647717104009938,0.6204773437643853
1.0,0.9342028091734903,0.7678663320576178,0.6714767414326648
0.9423211697015054,0.9502709019703065,0.7306695797969411,0.6175896157957019
1.0,0.9000134515133339,0.8125562327374076,0.7363221512116956
1.0,0.9039248800628304,0.8808424888666998,0.6610782388502973
0.9714753299797904,0.9303796159313859,0.7471162288527577,0.747794343548852
1.0,0.8633391953772629,0.755102473930447,0.7402168448778199
0.9633452473131723,0.938736200970056,0.6921119151662768,0.6266921005339595
0.960491256321072,0.9231737771944506,0.7865653395848007,0.627958417535068
1.0,0.8393059805112872,0.8274535423577996,0.6232422106803213
0.95138787303375,0.9464454869907749,0.8173567822920461,0.5689850835166649
0.945777583701548,0.8995366755906921,0.7730111006958008,0.6205089758446962
0.9911910043502861,0.961627824432887,0.8529552534594431,0.5994963722683965
0.9754711966252355,0.9474413537181994,0.7858269966336094,0.700502504550017
0.979963285200553,0.9626249101799584,0.7870837759803457,0.6349365750827629
0.977601064476,0.8897291419459354,0.7450897671514864,0.7228792901590904
0.984369113578757,0.8877992570428136,0.7856361311542177,0.6662294877811781
0.9866223716441253,0.9700169247155792,0.7953769992020955,0.6171480705413641
0.9776214938310862,0.9315312854052155,0.7957266853048867,0.5829189477924989
1.0,0.9612501145319701,0.8317202714427122,0.6792138389434071
0.983978199651785,1.0,0.844875495865254,0.6961696175394396
0.9664414419716186,0.8741107437552726,0.8399502930409812,0.6098395648440903
0.9673230621700695,0.8773560277731324,0.872063755261721,0.6271830331579835
0.9470170485722955,0.8907790795014195,0.8195955619449726,0.6172116317436298
1.0,0.9235987998661935,0.8563594691380243,0.6568529195033189
1.0,0.9014238558959661,0.873253074145527,0.652481894593375
1.0,0.8721430198459537,0.8180893438268838,0.6636660036534688
0.9758600492741492,0.8328752623064,0.7868509961913326,0.7199360853757635
0.9802286376501588,0.8967931592284453,0.8262941268105432,0.651173109336079
0.9638435895837424,0.8700751972484297,0.8329218119091429,0.7084273638843168
0.9736306350605801,0.8484021589241126,0.8066711243842715,0.6512182228886452
0.9788614596020551,0.9086231411551442,0.8376294772818746,0.7003481278963202
0.9837005129770113,0.8612200154720816,0.7713731379133189,0.6453726240255205
0.9608755167163622,0.9041009577102888,0.7714847468431529,0.6425776710003814
1.0,0.8929321544942512,0.7390565719687037,0.652487950412322
0.9669758555026531,0.9102417956562245,0.7611183204212256,0.7021581485161648
1.0,0.902641605577896,0.8454444124159554,0.5827407313864598
0.9600473720460135,0.9325705724245327,0.8320374009933745,0.6202349668292104
0.9588481840798351,0.9396169625459,0.8265046725694236,0.6802301206700164
0.9783359239513204,0.8987462188648719,0.8348072871825177,0.6671380022057247
0.974413455314266,0.8993307321490158,0.6874031128185645,0.6240121599964649
1.0,0.8968838138351777,0.8008173764010942,0.6095199137722261
0.9727452081354577,0.8867752568841335,0.8309388181039549,0.6872897602126177
0.9694430325870396,0.9093018201760075,0.7363030243783785,0.6934659778972534
1.0,0.8802285846386346,0.8483650318832493,0.6157353571510878
0.9995471717538401,0.9281496659685546,0.8237979258432323,0.639243426290659
0.9597121191491509,0.9278400412300113,0.8347553736337018,0.6303427978321164
0.9695427155343905,0.8783883671583054,0.7580939390139723,0.6951052162552182
0.9362569973366096,0.9152134229860805,0.8256545409416993,0.5658778388337111
1.0,0.950697147077572,0.8517704539007792,0.6656235027423756
1.0,0.8587045401326865,0.7848260472633642,0.6489603247085926
0.9726873444464561,0.8944594952907281,0.7980364552966415,0.6760276407710177
0.9747726750040823,0.9446383213968376,0.8082925971501072,0.618576574589918
0.9859532906548081,0.9131004941755165,0.7685252386912098,0.6055503607286701
1.0,0.8895880617726754,0.7748103126288161,0.6573802970794366
0.9785773875981849,0.8341504535942897,0.850838625300682,0.748707550290021
0.9873697430362585,0.8563896607563306,0.7527564827457787,0.6529343086912401
0.9741815866571939,0.8693253763261395,0.7746847458829523,0.6489191260160667
0.9339502952929968,0.9517004286230699,0.8386205753933244,0.6428270401002584
0.9649553524631164,0.947188878569891,0.7658269303950905,0.599538008255706
0.9264998322461488,0.8228408183087931,0.8249184561310505,0.6327137236785736
0.9297563007812621,0.9197697875666127,0.6968457051416369,0.6381496001351763
1.0,0.8411319022302512,0.8068130722567969,0.5710128561095181
0.9831743530015032,0.9328961708695342,0.8322656611606056,0.6623427075174502
0.9647806995567475,0.77389192794263,0.801454228916499,0.5939187771575128
0.9924967275762655,0.9145191742256868,0.8025840593441341,0.622795771681852
0.9875766200689157,0.8675764562224454,0.8182493527046467,0.6606295886330713
0.9577243403435428,0.8610499577294899,0.7876494636342305,0.6556890332554443
0.9306357176903304,0.9355094709986821,0.7900074052043093,0.6370269355667467
0.9806512170972437,0.8682259380891816,0.7646279611173638,0.6696022839077194
0.9571222603392671,0.8350146711246239,0.7698595799772066,0.7104707284418993
0.9692053322971387,0.8880870342407335,0.8112509861567164,0.6093465642830813
0.9353269986250584,0.8757684641913678,0.7726486672474618,0.6604920923578127
0.9920209048463119,0.8303276723659734,0.8418825238907649,0.6250950768828144
0.9605464630767219,0.8819700146682525,0.8239219974352787,0.6136983622967324
0.963491497414137,0.924116670800236,0.8049049188580487,0.6386280556176824
0.9509382168037471,0.8728052329942105,0.8821046001854012,0.5643014299792249
0.9767149905402839,0.9173723442795927,0.7293028786550575,0.646082645383658
0.9715178653266796,0.9099480024252877,0.8940767105016314,0.6648840659484828
1.0,0.9172228130230137,0.7904108674921286,0.5868849885232059
0.9701080948839815,0.8414260181310298,0.8247384715961813,0.6709005598755975
0.9676346909837594,0.9277949861762972,0.7590252894717167,0.6633937562224622
0.953493725277333,0.9723236515953197,0.871446001365787,0.675676492431225
0.951470748437136,0.9727304919092697,0.775061161029145,0.6251474546674478
0.9882308161420135,0.8736004090900901,0.9304064704625689,0.585302583197935
0.9532191034846126,0.9670773081490588,0.8251136352796073,0.5810506383903159
0.9896561384929479,0.9273256948607077,0.7958691101581691,0.6573402928558835
0.9750386705786023,0.8936683309266769,0.7950805850643161,0.5780951472006148
0.9981388659970736,0.9292106158913264,0.7871301384821807,0.6243103463822918
1.0,0.9030036703071603,0.8140460153586366,0.607858425421999
0.9813211186404084,0.9175250720463223,0.7572178846720968,0.600247342908979
0.9899356885749521,0.8977266065095433,0.7562046161595815,0.5918888348617967
0.9884057425727658,0.9100628651386534,0.7871318491365881,0.6185077933001949
0.9390597428479591,0.9159023047310562,0.7670566835923515,0.6478565975166547
0.9683980511246786,0.8597822934714532,0.7883992039654644,0.652522599907677
0.970492140030534,0.963459575912943,0.9065338556988332,0.6692009761101698
0.9792244259052191,0.945185901923427,0.7474727002596383,0.647446973734686
0.9757755733000378,0.8577123807886259,0.7929273914283931,0.6557276316419958
0.9509641639579194,0.9413393182729146,0.8225884435909452,0.5410792505434787
0.9605439764424094,0.8820790213459155,0.7212245466200724,0.6432626320501548
0.9341027232642871,0.9132851587466875,0.7793680379491509,0.6356187451235479
0.9583624187546583,0.8521457174101761,0.8106229578687081,0.6936009304165891
0.9490495195717132,0.8983041062750814,0.9059748607604486,0.6691685367047402
0.9852556346408718,0.9164241366697563,0.8233142323538947,0.640329809138253
1.0,0.8636944058393564,0.7828915054607418,0.6510933709626484
1.0,0.9095996004741179,0.8021725973460235,0.6340098313336313
0.94933553676954,0.9760953453796573,0.7841955491385225,0.6489553464231572
0.9898087347996591,0.8813524690355793,0.8322917835727587,0.6844278923766771
0.9724152247403977,0.9453375139302139,0.7881693588349993,0.5786573572065191
0.9910962567138246,0.9235720571804347,0.8296109393079268,0.6953746064285481
0.9837830145542097,0.9518053278059826,0.8225398259445336,0.5938999017428729
0.9810336789287049,0.907815675096844,0.8102366615574099,0.623852067287392
0.958374534203691,0.916906614192063,0.8143676274342649,0.623185355000708
0.9884899831920438,0.9062262017385415,0.772179852481116,0.5863951352789649
0.9815488362662327,0.856218693234847,0.7186105401876917,0.6731564960909819
0.9380502722112268,0.9097478755698627,0.7792210152348987,0.6764877283039537
0.9905805024136523,0.9305070768723607,0.8843950333111206,0.6619881784306049
0.9680624381991432,0.9549416672321263,0.7727129836305844,0.6711193411910852
0.9665160833560694,0.8757863664155372,0.8290098641003968,0.5980984306468563
0.9850584998517391,0.8842762315522902,0.699171800077504,0.658496951829748
0.9464223668523114,0.8761280304624017,0.7848278705364168,0.6999708325256221
0.9639971700042765,0.9696469538201681,0.754202548308366,0.5719025140590512
1.0,0.9499661138523218,0.8345789280135021,0.6043315233223927
0.9805045543567309,0.8598999138296597,0.8567353640905095,0.6518789719941827
0.9867570039147829,0.8974765840296808,0.8001443186700367,0.6790547078895571
0.9649579375122056,0.8677070917993811,0.8116014328177751,0.6680302491461099
0.9802004291760569,0.9181200532559443,0.8026941067138573,0.6084566168497116
0.9774521108112247,0.9364347380092932,0.7503121036421139,0.5986313103860753
0.9972289692137979,0.8665301099946301,0.8029319025612515,0.6461095547479456
1.0,0.8904418889729255,0.7329628539013343,0.5582087914140746
0.9743258760942507,0.8921471995420545,0.7826257804842099,0.6528961502511214
0.9739354343588967,0.8815735151238432,0.7980618720217657,0.6493315317148889
0.9595125786833937,0.92110739925912,0.7494249448878737,0.6694213687893299
1.0,1.0,0.8444709617204177,0.6080502015930145
0.9623050986282402,0.9356572100260682,0.7839703519597799,0.6198178766964655
1.0,0.9577476513182781,0.8220293995625916,0.575774786348957
0.9726731581196655,0.8921512839138002,0.8473068610160801,0.6474309513717037
0.9663708306285892,0.9640904145057828,0.8898485241786824,0.5759566685152718
0.9345304073330977,0.9157803954704318,0.8009595443630669,0.6337209416105015
0.9894620230726408,0.9748883289805036,0.8185471959854905,0.627345068502243
0.9624730248519825,0.9414495142776339,0.7842302789017566,0.7061046740448959
1.0,0.8869466223924802,0.7852805099419683,0.7308331664375722
0.9934167019966714,0.9391649972540398,0.8477589001653928,0.5527336507165417
0.9679650638229856,0.9040509163305155,0.7634540691533861,0.5740807948682786
0.9750161824514754,0.8584917413125943,0.8003210026159074,0.6125125632443287
0.9723807768222994,0.9909252099537953,0.7788497663940727,0.6761291947531894
1.0,0.8831364372976462,0.8138014430035899,0.681943644248248
0.9560606908572463,0.92245326121313,0.8003339918483992,0.6943856603304658
0.9714412293472509,0.94300981714509,0.7816266665900017,0.6448011432659339
0.9803169541654301,0.9480987821718136,0.845502809218079,0.7310942850625146
0.9811396725471729,0.8825496660250954,0.8327818436757074,0.5862373547887336
0.9482698403717434,0.9136973078091303,0.7959666020659454,0.6750167246990915
0.9523483852978186,0.9183268544890113,0.7851249096011186,0.6818377938792246
0.9459848708867564,0.8240630222210057,0.7567301583014563,0.6453260334889771
0.9568799147921403,0.9201130132105309,0.8198025227685477,0.6747082942887319
1.0,0.9405836335435857,0.879589920247433,0.7115953897272308
1.0,0.9986199297178455,0.8792387273044278,0.7182912371464767
0.9862560930428074,0.844037710542775,0.6962139996174139,0.6639579735439174
0.9450666174614429,0.9577254731642729,0.8542566147122894,0.6148820460966798
1.0,0.841961229104367,0.7872688286561116,0.5611814119215106
0.9507191033659743,0.9122945629967115,0.6940075354065112,0.6476658942303375
0.9737066801987468,0.8983718364999879,0.7592015255051191,0.5206859794905255
0.9594358702847006,0.8988126512273543,0.7477864583892889,0.6554234412888085
0.9648999374296581,0.9256186853214533,0.7487222931302631,0.7137781121588715
0.9600922526140737,0.9024612342634613,0.8493317806106333,0.6613603010535053
0.9824330919321612,0.8707235767272608,0.7611479878546515,0.6949443425648336
0.971884464880022,0.8924414283703178,0.8430052174450483,0.627731575576219
0.9986264774783259,0.9637498273564338,0.8042543641279619,0.5713104108598163
0.9454333506298884,0.9178445586186335,0.7992178528451576,0.6967462622797962
0.9762196320467905,0.897047961037597,0.8067307637077902,0.6560285567658384
1.0,0.9537708607924642,0.6995578253808566,0.6537177961796957
0.9589200037442414,0.9080152100612521,0.7696233646589699,0.7200225014738348
0.9606527482069156,0.9506065226838469,0.8294152029074794,0.6218686072220218
1.0,0.908878701136703,0.8740992440301161,0.6439010746747592
1.0,0.9314057517100458,0.8191399765088365,0.6750201198048986
0.9759583892019591,0.9090550809597893,0.7914034255281786,0.6510393493264068
0.9403272987643274,0.928123344191123,0.7738881156646445,0.6431372549353772
0.9985578446119866,0.903634053784033,0.7694322594015766,0.5991139182375733
0.98823706367407,0.8866035632364843,0.7478592891302732,0.6212341798515558
1.0,0.9071507926537423,0.8067206669820051,0.617552738805598
0.9881016448402379,0.9302203007752115,0.7002204002201344,0.5676986798143018
0.987871949128868,0.8726210584199304,0.7262529076465152,0.6960562451141324
0.9669607037475174,0.9100575807390192,0.7462062873747726,0.6000274126857186
0.9739078495544989,0.9187580984027088,0.793593650173629,0.6182441960125599
0.9848309228083998,0.8402763235071786,0.798800211681175,0.6879483006099557
0.9787686514025606,0.895770290134892,0.813577888369728,0.6817205054827398
0.9775867588543188,0.9083888496101723,0.8139388030161638,0.6941732678996896
0.9386960253947528,0.9197290349254013,0.7379113243803079,0.6221400337898975
0.9936880418299099,0.8947596044269963,0.7480089752446071,0.596361346385643
0.9521965741130781,0.8995816648937611,0.8850489776785438,0.6601429564345742
0.9740945765131713,0.9678009495664665,0.7302363944888068,0.6295200398412583
1.0,0.9141645617529821,0.7644876849979562,0.566198617588999
0.9874283982956549,0.8787107953124815,0.814042709962709,0.6294415417298249
0.916577245259954,0.90547962878253,0.7788729662578119,0.6502956612396084
1.0,0.8524299140071229,0.809238180580315,0.6584877922315869
0.9799368784439915,0.9466219579923967,0.8125760570405867,0.6127313900485193
1.0,0.8653945251869232,0.8299512244697042,0.6186122974064028
0.9378252359852529,0.8185099314445886,0.8378377503872576,0.6065352346433136
0.9828441095566088,0.8927315312080537,0.7932974218225316,0.6357777163190984
0.9414991610677774,0.8661020606395108,0.8229451145213899,0.5917448117417229
1.0,0.887061565496258,0.8170796325232111,0.7149348804059399
0.9967322226162937,0.8804694207638395,0.7849325272043896,0.6729300706571845
0.9222633945642796,0.8634580252116997,0.8933301010190358,0.6050193829892547
0.9021289135677768,0.9011340653585376,0.8001981082909595,0.702502980463969
0.9970523752006438,0.9410099181664021,0.7747642029468148,0.6370748568705488
1.0,0.919012234919908,0.7827907563754494,0.6516660739141127
1.0,0.918090112850377,0.8268185152490907,0.6983155269717798
0.9926602436314377,0.8616209954698528,0.786196895810692,0.6693882862697782
0.9708538735817948,0.8770998081645828,0.772048113666015,0.6678226868921704
0.9832503905548287,0.9083531253994522,0.7409018882990845,0.619976234145609
0.9449352250464174,0.9473114438454188,0.9051734806592231,0.6055464217379675
0.9994766772274178,0.7868280673263942,0.711451379337596,0.73564921494558
0.9480339060744782,0.9187424668602197,0.7658937999216378,0.6311991135875074
0.9603924972027712,0.9124149743750246,0.7410681692525007,0.7389233181903264
0.9864592830946938,0.9259433950991405,0.745492776891149,0.7305254129206751
0.9607955248129052,0.9293619258604512,0.8118133749121857,0.6369442805961988
0.9511168828636356,0.9113172718939195,0.7546357109690425,0.6418233248737402
0.9813152911501721,0.8939356429971645,0.7469905534184355,0.6551397446908175
1.0,0.9116518244772193,0.8218147379385035,0.6186797479651509
1.0,0.9683884410165525,0.7401546978525845,0.6894404142576442
0.9306126310472376,0.9139160419100174,0.775220163653704,0.6608575190352872
0.9861963359567133,0.9504421773879624,0.8312446964528312,0.5968747928183863
0.9915917736916536,0.9567674510266473,0.7802920087824854,0.6465892911108977
1.0,0.9321098367765343,0.7753181851196207,0.6780185493714461
0.9319499465742368,0.9329402949005642,0.7485146687243696,0.678908966327959
0.9773971491271697,0.8535230497287899,0.7762734918264231,0.6719768966109806
0.9765521505465771,0.8773051173041255,0.8453560534556104,0.6168811441952887
0.9905505371935482,0.8939226582953341,0.7539760533445212,0.5884605792619679
0.9594540111534423,0.9027885294453636,0.8531031370559254,0.6818700579881852
0.9483689802646578,0.931514785382379,0.795002761852698,0.6795076555038507
0.9931376148131666,0.8967308863859933,0.792840760102035,0.652057845316057
1.0,0.8856538308232133,0.8087428111903576,0.6614678468531336
