CFR-RL,Top-k critical,Top-k,ECMP
0.918991165877339,0.8733199384434405,0.659341560515169,0.5730160563060399
0.8934841587039036,0.8733363671867301,0.6560621828084024,0.557030294417562
0.9072854519398701,0.9228021575581732,0.6499036826782529,0.5698944272033177
0.9129115392940738,0.8928544727527508,0.6669834554220883,0.562522023188924
0.9147043941989725,0.8686137948827005,0.6521532147920304,0.5628146836731641
0.9243149073565572,0.8724804815946786,0.6896750177881373,0.5121874055657621
0.9334442381548641,0.8731854482045761,0.6460072151689179,0.4919955294073103
0.9454323520649452,0.8835549405739845,0.622671621540172,0.5299483720723921
0.959449702765318,0.8892523547881335,0.6531040203437939,0.5517443640689926
0.9362597696080733,0.8850021930844153,0.644821563133203,0.5347645013765484
0.9374313880150452,0.8482372252126162,0.6535260606579936,0.5439050802441391
0.9335599535809248,0.8457577712525418,0.6707054367346792,0.5549143051972865
0.9460093456554196,0.8057787289988617,0.7433445010578889,0.5335070162908794
0.9323712510583673,0.8025361519885614,0.759573304881591,0.5018333532917222
0.9357214791431921,0.8329745162393609,0.6960099798471154,0.4920471103722735
0.9016259036187644,0.8330452460512606,0.76074188456349,0.5076341227370185
0.9006611413701628,0.8135216424905355,0.7353467530483653,0.5258358914388206
0.9236649590949098,0.795824521916387,0.7606826591931828,0.5416475013484928
0.8910667498884136,0.7882098615888605,0.7764452450849051,0.5503543856111792
0.89007666469116,0.8145203515968591,0.7502639912854168,0.5528646155015202
0.871331177012384,0.8263946048030942,0.7102857027629522,0.5622794379726672
0.8741741285805321,0.8341691644895286,0.6435521698051296,0.5627965214240127
0.8711252517763811,0.820372451469306,0.649986089670677,0.5329843015635454
0.8668319926561914,0.8349355379788619,0.6410322997346658,0.5263419905748553
0.870792400647551,0.8211074171124626,0.658173270258061,0.5391855385017779
0.8926107358302297,0.8270797335322296,0.6575820501723267,0.5525650528962839
0.9031819306141743,0.8089210702155168,0.6975871210698071,0.5568542392072374
0.9073665542569158,0.837302419386827,0.7141756665784412,0.5435837671733886
0.8934664893541722,0.8516007711670822,0.7084323532259992,0.5470668898174825
0.9100284718285514,0.859719513504638,0.6926146771051909,0.535769330703886
0.9085823012377302,0.8761436803045378,0.6676621741527067,0.5738455246500684
0.9266386966050846,0.8748712056296767,0.6639915660204397,0.5673993110132663
0.9373187268448824,0.8622064138045431,0.6434884626231598,0.5685080540894546
0.9688973006212468,0.8288950836152074,0.6275754946917224,0.5675073910609302
0.9812251591247355,0.8400518536613196,0.6858194522327925,0.5706809912723082
0.9570100446163011,0.8380730531454289,0.7354647989084919,0.5811911485919501
0.9577708240384493,0.8180171388323917,0.7556419823277207,0.5534893915490576
0.9434018186768515,0.7846822282962647,0.7131520049512624,0.5405873756074671
0.9700447367872934,0.7793789203335776,0.6994692030430416,0.5691222621363079
0.9687338532313738,0.7649264535667653,0.6761715212094452,0.5754302889840771
0.9461698735409764,0.8120941221950171,0.6809229249720157,0.5414093742730729
0.9578497973831122,0.7808201534724973,0.6467740734160473,0.5250972723475996
0.9427145284155364,0.8468159815648296,0.6557172116716895,0.5620518306053683
0.9480601728218682,0.8580773515958594,0.6622605284919119,0.5582608127524674
0.9491429517113373,0.8048036093247332,0.6749165519927027,0.524342901380879
0.9617975844772204,0.8141835299466862,0.6471373112467617,0.5480010976800452
0.9776990840424524,0.8333151388866927,0.6700150346496849,0.5385789787254901
0.9633046455827704,0.8704927698111831,0.6590782170271727,0.5646865935936546
0.9642887129505545,0.8907798592489501,0.650932967014934,0.5743514361833745
0.9817826334565165,0.8910822988728602,0.6287831076770202,0.5758586535127933
0.9679881606403739,0.8856013264318968,0.6516915633978521,0.596057901123339
0.9551986729500408,0.8836464169027575,0.6920270780779328,0.5714430112486838
0.9450891924473623,0.9145116804673663,0.7439657027809554,0.5581548608484461
0.9419407391817313,0.8874795319902772,0.7198115728657086,0.5555759264385743
0.9341970226378724,0.881360507340638,0.6877499385299696,0.5618327625831712
0.9274224495562597,0.8822267749535837,0.6656077322621032,0.5445078312566214
0.9358170236596237,0.8436166609910197,0.6532161956035369,0.5650819924887762
0.9394228389494692,0.8441370798910298,0.6685336998546306,0.5707218025659819
0.9440103599382486,0.7876767412863692,0.700403904754044,0.5907569031456732
0.9452535476451118,0.8377467944935056,0.7387707099049974,0.548792618239744
0.9443146700584955,0.7969811156052725,0.7204110622925818,0.5478943365647924
0.9596688169058171,0.815185640810617,0.7192596659408009,0.5603805622556092
0.952126309702448,0.7971203477783156,0.7023286094968374,0.5729396650012515
0.9490702088847766,0.8754397618026182,0.7203436943042311,0.5465496534165624
0.9615033416300144,0.8922411341913867,0.7421670369884734,0.5468390178830601
0.9491448848827752,0.8106231452512599,0.7860792314565533,0.5690704061717811
0.9523488177287553,0.8322235321423601,0.7637783164986732,0.5566777803127484
0.9562019146730212,0.8732129183148951,0.7297626085553269,0.5874825496376698
0.9530659738685685,0.8875400834726276,0.7493450584522847,0.5825663714685907
0.9685002643020142,0.8868568157550709,0.7593525052818503,0.6041955560803662
0.971288285520902,0.876815831505734,0.749004844286998,0.6065103269856047
0.9673333337688695,0.8877066667402331,0.7309326840052472,0.574666426935603
0.9493960534362734,0.9057082178985701,0.7537135816444844,0.5622948366948631
0.9498627236938364,0.8643932747406804,0.7312322206262737,0.5742024923304879
0.9635658179548868,0.8398721617264306,0.6965524899721819,0.5819077074595219
0.9396204144832723,0.8228119169908485,0.7098904314776839,0.5786500105305425
0.9464487156781047,0.8159747216895797,0.735793566666974,0.5728873154492731
0.9295913730796607,0.7981681770343437,0.7290764683250233,0.5454983152059697
0.8975384916473458,0.8179253528379055,0.7732594160043682,0.5877073862200444
0.9131384846253793,0.8456135181906999,0.7505779100748835,0.5792666284009846
0.9308113781769505,0.8318246059869429,0.7310171792075851,0.5698161136823238
0.9643825215138306,0.7965943268006137,0.7086912672080218,0.5349814087641344
0.9428850383557904,0.7829769349259886,0.7056473352801517,0.5174510789554543
0.9578343289398501,0.7992354756003288,0.7080906748818462,0.528562602419133
0.968516068181239,0.8107935953401435,0.7440987000489415,0.5151240125868736
0.9743173018731595,0.8373406588165677,0.7595536223433718,0.4940878071077386
0.9498720603177153,0.8587187873964758,0.6585909031785222,0.5336058081492434
0.9593172309193602,0.9005993362386842,0.6632922324453466,0.5579216259156509
0.9723437545081439,0.9208395254315991,0.6454217121194222,0.5438110006116663
0.9733183785995005,0.8931498530329461,0.6312348168244822,0.540040317626884
0.9794974497223301,0.8907319715006162,0.6450280715389236,0.5694232110648852
0.9629830745230255,0.8833860021637744,0.6806195483514434,0.6033420619525958
0.952566791189074,0.877203551798599,0.665208247666486,0.606386107909953
0.9341634087497939,0.8516837309138295,0.7069800388699815,0.5738109078812812
0.9353385853096158,0.8596433676491553,0.779357757401241,0.5480190367872119
0.9485802185711918,0.8116150064435864,0.7477661178798655,0.5487985402764242
0.9472165659607497,0.8231063091763878,0.7529309822072918,0.5383623033494672
0.9716231329979542,0.8713388766726494,0.733109293736974,0.5798283194914651
0.9601247138100713,0.876992349822746,0.7456440660139527,0.5534518587320452
0.9802074302990539,0.8905310522334192,0.7354887363265129,0.5400104520930904
0.95109242373065,0.7918277767818531,0.7063051777085826,0.5228025427688789
0.9802281606867302,0.8234528167135738,0.7264605165524457,0.5621169854052097
0.971764591677216,0.7948666659305678,0.6912294763549849,0.5626225970508582
0.9587417741594426,0.8112710746518619,0.6403939360239532,0.5445614242421976
0.944751171327239,0.8339315453240368,0.6743940512814258,0.5426333217570359
0.9473377711390992,0.884457704770379,0.691987035287557,0.5205438161510259
0.937052271029556,0.8676219791942594,0.6886227757439888,0.5286027719303446
0.9416298981246032,0.8578021384026816,0.6887958872808048,0.5493922913980713
0.9462188798595361,0.8626830101025074,0.6980887422899544,0.5804880244140445
0.9616546717710395,0.8501091863608501,0.6585198046763345,0.5835437914831078
0.9467431609920469,0.8948537374839984,0.6172223497149524,0.5670710755127948
0.9412620888199883,0.8519603094912026,0.639080655604608,0.5514935182128053
0.9347690648528391,0.8750620055224078,0.6582129343558366,0.5425250321107036
0.9501692746121664,0.8680404343137845,0.6946493255898208,0.4980904534846704
0.9733453789090187,0.8247473775811716,0.6776080877346528,0.49560259900981607
0.952808277371623,0.7698352712953471,0.6848946533276304,0.45603057868000824
0.9278096065955077,0.7793655318392283,0.6871105098524622,0.4789625323918768
0.9371084006191761,0.7714830665053306,0.687286726746272,0.48042900961200324
0.9335320381574028,0.8151005813357409,0.677779672278674,0.5107363264051707
0.9244470594854848,0.8310955368492379,0.6949112281647091,0.47897121402532855
0.920113998026044,0.8331695893690607,0.7079511468220735,0.4824601438002074
0.9092835768240785,0.8084448201054144,0.6884058348479272,0.5098475380123415
0.9125990061249366,0.8785657417574855,0.7177913733427824,0.5042856763888982
0.9509396916301883,0.8923949038594874,0.754270460911386,0.4776530366256421
0.9663036830735753,0.9035280975081035,0.7272756036240924,0.513853354599116
0.9598282865681615,0.8794232154302635,0.7202601246696747,0.5106624424556463
0.9623714663983558,0.9242821334339839,0.6766357595398476,0.5318098821980428
0.9592606948072113,0.8640155652700211,0.7202886345253154,0.5376995064302026
0.9404172045581978,0.9056186662652488,0.7338236774107,0.5855757633748615
0.9561451379320668,0.8565275589384983,0.6872113043636953,0.5838496448782682
0.9539020742136142,0.8451438897766475,0.6691040099438953,0.5758288741858046
0.9591558853157657,0.856262627790682,0.6587269374356192,0.5581507129938373
0.9572460798808707,0.8447601145405509,0.6496150858327278,0.5709485163635398
0.9484427582534957,0.8337833460503699,0.6766703189004232,0.58093067546242
0.9597173321189496,0.8218261282869644,0.7403427095097327,0.5560509384805801
0.9678960215693837,0.845134157010661,0.7551878026639444,0.5239649759836275
0.974185669911178,0.889835440438098,0.7522520040676471,0.49151752863648424
0.9502554766884634,0.8539336726553257,0.7585224382445468,0.5232782296195156
0.9456866080598768,0.857318420153741,0.7482615929532057,0.5738027373528841
0.9622710245472839,0.8972113047791495,0.7338106580928184,0.5582909695065553
0.9679974078754177,0.83741960422172,0.7483237463369516,0.5348047728694394
0.9578362929187407,0.852811526902612,0.7793381444153574,0.5190755093045955
0.9797678908110246,0.844689055624965,0.7472116323695188,0.529928883311561
0.9742568669332109,0.8150182149296501,0.7620356225933319,0.5814183142351901
0.9152132918461662,0.8213513856811826,0.7253728211040938,0.5934689336925384
0.9203965148006005,0.8062243460572922,0.6991752289837878,0.5512438896228579
0.9298569766834899,0.8347031845991189,0.7153194594600804,0.5544775495993849
0.9316998473466088,0.8142176469343841,0.7157614784887852,0.5470372411566503
0.9279158353777994,0.8095019060034285,0.7262551833528369,0.5530535868478131
0.9265257227747449,0.7855296520113836,0.7142919994096264,0.5650943625506276
0.9179677186839535,0.7843904003367628,0.7290016174081557,0.5534403959269324
0.9269513747972333,0.8074738155730161,0.7703423034392657,0.5708008410063091
0.9291658244727088,0.8434021215125226,0.7529510826264179,0.6008143531765288
0.9646592059875404,0.8640222358022305,0.7209574466270584,0.5979712388903778
0.9487696472306958,0.8380396564557135,0.7025607155970413,0.5819413489023249
0.9749956567523922,0.8299506474960593,0.6960388995222462,0.5850650709867401
0.9555731943757354,0.8117701082819625,0.689104698055644,0.5878258560093115
0.954706437222544,0.8396440811740015,0.6720478229331437,0.5851166770895553
0.9635018998206049,0.8288485607629749,0.7118502618739362,0.5849815241544225
0.9565340177652334,0.8294369292033307,0.7238420886034752,0.5894233483029225
0.9462208217267708,0.8015934273188366,0.7565368848226762,0.557677416618552
0.9550871400925953,0.7874292309942305,0.7639056386106406,0.5500855139253749
0.9706188685347886,0.8163366310820955,0.7593000382647339,0.5852727865741925
0.9560185856790898,0.8680655910499241,0.745873226911264,0.5712367561077499
0.9642213609487112,0.910259190096361,0.7627056833684105,0.5625553454872126
0.9537905351035301,0.9011419309577274,0.7757655342574197,0.5366561039791583
0.9755124070814055,0.9047983066575737,0.769483198578173,0.5891431950660163
0.9815478346228367,0.9023857321220239,0.7451336525975294,0.5661083043294456
0.9780762869118323,0.89158025327812,0.7244016562982348,0.5638416517520182
0.9791924628831621,0.9022570242195855,0.7804717148856316,0.5905263474675291
0.9565581048900371,0.8852313763353507,0.7405415075781385,0.6099153602529626
0.9658698246128481,0.8898470742312796,0.6718508666853239,0.5728156363266369
0.9792107633436111,0.8652819177214315,0.6961549505341834,0.5834822189922813
0.9552011680789616,0.8764896898799861,0.7682868577948038,0.5724789555426416
0.9610867679929183,0.8489951013153609,0.7343992928655263,0.5609420494072586
0.9742330504864603,0.8474311046385548,0.7396762845043034,0.5898480163163418
0.9627475058249565,0.8409183534003264,0.7650290606985218,0.567062689883935
0.977907298270024,0.814975417239218,0.732962998763194,0.5455017012397801
0.9531554322079063,0.8255574185775937,0.755252903639056,0.5702952192868092
0.9807418106847104,0.8289627379354751,0.6920213735457115,0.5549506580330689
0.9630462755149496,0.8572311371653741,0.7482276352566679,0.5609766678751736
0.9569179524359578,0.8283240520178328,0.7854967720745404,0.537348412063722
0.9499601023551238,0.8971744371413278,0.7645117749749971,0.5319711751558329
0.9672112953238012,0.8795637018927416,0.7590554389880201,0.5459023486167438
0.9638725358505972,0.8567558276088693,0.6912035246564938,0.5337505647570149
0.951102935421466,0.8698351889523687,0.6352179816724601,0.5410232742995479
0.9405224217770765,0.8531060862330674,0.6511870646124926,0.5450779549588036
0.9548851141149652,0.8254041640317321,0.627137876992103,0.48813221800924383
0.948352558403145,0.8272726187200274,0.6501882669304029,0.5315942978541213
0.9455934343304435,0.847420847416796,0.7082388329415349,0.5560839079413801
0.9341265137375667,0.7704760739095505,0.7312826839331215,0.52513444451458
0.9378160323002047,0.7656629033815366,0.7089482355951751,0.53413968924345
0.9562952817737271,0.7663928384830265,0.7262960290184939,0.5598289693077662
0.9567320582960747,0.8187207033960404,0.7579300239260458,0.5497056842352145
0.9461475976953658,0.778146673483903,0.7453575462713921,0.5339115636458182
0.9609972585487647,0.8272593561333169,0.7656379853559505,0.5446092462496276
0.9663399632615461,0.8740890708769008,0.7432036846444519,0.5608635352625638
0.9530719873156943,0.8761927223952621,0.7810498143062875,0.5412377634077549
0.959403813139853,0.8876406087546097,0.7608028160183988,0.5079952727727888
0.971597709304611,0.8758660514661244,0.7775560752472405,0.513255851726031
0.9440351345417237,0.8445776851647058,0.7540541706252047,0.533266689320263
0.9520902097119485,0.8010169430866146,0.7848636072582582,0.5438867454013653
0.9752177104523135,0.8233934620493074,0.7577054902692308,0.5590943539847315
0.9621421224626789,0.8352922141276179,0.7555043908417433,0.5562759813991491
0.9732145599273163,0.8877001996505727,0.7456600847483921,0.5581518615021969
0.9520265402460161,0.8346568615207917,0.7476610335422755,0.5579584985824587
0.9664955792183305,0.8703532239357525,0.7436659819411092,0.5218916972987465
0.9656701289556462,0.8396364312623164,0.7423108285827745,0.5575092515972406
0.9661641189132488,0.8711280386629884,0.7473827124839797,0.5772239154169774
0.949406236722969,0.8644151774112805,0.7429847084455544,0.5920953394217211
0.9406386492094331,0.8101199490007895,0.7190229592482987,0.5781804729850561
0.9480264289795085,0.8209710958321013,0.719051499253525,0.6099564500227864
0.9431346217010041,0.8536733230587038,0.7614938715348674,0.5895879538298092
0.9537859644190927,0.9030510750405222,0.7206837686229439,0.5901440046192029
0.9499270024060092,0.8423070585899898,0.7538664760048716,0.5663864129361701
0.9612646915057425,0.8307366759609097,0.7477878054706005,0.5881256580577128
0.9536911261159914,0.7893953580027498,0.7621021766298085,0.5712492302283602
0.9366859711645311,0.7929074542312362,0.7227365778929916,0.5616418380279151
0.9528247923907992,0.8146311763108595,0.7290989727130558,0.5777242458614212
0.9409107470265935,0.8658198742546405,0.7495083745027157,0.6013029589182265
0.9407679202390675,0.802748203277386,0.7500240042136388,0.5946379725777403
0.9336767004139851,0.8367629315499824,0.7650118950661344,0.568760743245458
0.9347728771493256,0.8425094951919646,0.7575376131765148,0.5593042979012663
0.9374683582442315,0.8520375423439266,0.7738772458717609,0.5325847132937814
0.9507729310218744,0.8884863155460545,0.6969611362331762,0.5207836332301777
0.9170216608447194,0.9250279913656847,0.7048930056443157,0.5507482084134667
0.9268146907908922,0.8407549322539731,0.7158707327076467,0.5562652728893337
0.8930168516527232,0.858491457363605,0.7373138706237866,0.6044388952394245
0.897722234491989,0.8779445177454388,0.7603349023181964,0.5740627927035495
0.915823171635099,0.8549037917837603,0.734682219355294,0.5932731609779074
0.9326101993643628,0.8505426561795643,0.6866973123824137,0.5726226765767504
0.9272890945637634,0.8455589308480748,0.6990845361239921,0.5745641938548759
0.9759672052443786,0.8027035700279915,0.6821607354451019,0.57870173777996
0.9657188693797902,0.7989480520307964,0.6974426388748439,0.5580963072192675
0.9470009414146351,0.7938074844343059,0.7231372593458185,0.5443327983063972
0.9227842944134529,0.8329574934443308,0.7646642297987583,0.4987020287103862
0.945839346550125,0.8526372030964523,0.7766224530995749,0.5076164155651908
0.9598188651232268,0.8600555490229246,0.7365214256585307,0.5513053901340538
0.9647125964475801,0.8561253544138536,0.7563259281702424,0.5321358894003744
0.9566509439792937,0.8613540645482236,0.7725163088280788,0.5282311140319985
0.9533056011055734,0.8892340930282902,0.780640571301096,0.5114922076953929
0.9603648701295496,0.9024042079467006,0.721586837926721,0.49875964134721
0.9639704048173996,0.9201534627397724,0.7194798803745819,0.4755987419213355
0.9542422855252579,0.900209512936268,0.7522875877444266,0.5176319190748334
0.9261044840839636,0.8958855012121194,0.7480898496121013,0.5292156073103856
0.922454582036048,0.8940300784634629,0.7275348132901343,0.5335727037678029
0.9449424084595749,0.8385504712142562,0.7123550956507001,0.5039301677852852
0.9714387949584151,0.8206491076537775,0.721840585066683,0.5767482422003519
0.9526732799021641,0.816305155356517,0.7006453390804603,0.5995387595319427
0.9550890984692649,0.8772354468903488,0.7094909648880561,0.5703420841784603
0.9545250264113198,0.896480221650364,0.764230076988343,0.5509829637860528
0.9677390554666534,0.9092257350215339,0.723449901292353,0.6074235775050912
0.9526950463890123,0.9033404411835932,0.7361027967093091,0.5852232467794996
0.975993096952705,0.8977872266448899,0.7124356098998469,0.6084840608111025
0.963913613284553,0.9071095180421032,0.7241748768908006,0.5965579842071232
0.9760473729695446,0.8844051841868572,0.7677815581304706,0.5725059175971219
0.9806394015891112,0.8665615566443352,0.7329410130436184,0.5680769168477702
0.956686412775171,0.902016584629463,0.7525699400801882,0.5322478573223827
0.9542177305695299,0.8766911504822934,0.72214030137258,0.5466276476428112
0.9736182073724972,0.8640719717327671,0.7367937866525348,0.4938535760811134
0.9670909762770439,0.874866813024172,0.7376159010085084,0.49744803661516623
0.9614797487996279,0.8319411649627448,0.7730871002117683,0.48921913079112783
0.9571894199179751,0.8012520629455125,0.7827963727058218,0.5377730888676715
0.9592461906894528,0.8157240647209243,0.7691023987087267,0.5626222788291383
0.9429103516185285,0.7920927814138505,0.765938580967919,0.5592794813871256
0.9332706407540221,0.8235309679371271,0.7611368814293169,0.5479141973396787
0.9519324683014727,0.8689239127556554,0.7597341286025109,0.5501177997740799
0.9500855782875025,0.8866298866340572,0.747754274154029,0.5301453637755035
0.9698625634861288,0.8734903500919868,0.7495041554508988,0.5290947719439751
0.9675051423144289,0.8552463633773825,0.7616867936031583,0.5816129651060616
0.9374548578612718,0.8380192617933551,0.7842636613735006,0.570578191935165
0.9624521085974322,0.8206303340916608,0.7603552373690575,0.5816687058861283
0.960376288109138,0.8143341621582828,0.7627998751828072,0.5999238107704956
0.9517317287023765,0.8405055452199856,0.7473061254180249,0.6044568868353912
0.9461486883575343,0.8412347408928905,0.7699217058850133,0.5687898438359429
0.9521871740878364,0.8316474498201004,0.7784415907580917,0.5656340088899154
0.960143092122119,0.8215852623744645,0.7786471773163568,0.5619641870835724
0.9678289751842938,0.7928093886836193,0.7699463271797383,0.5345298432071939
0.9608371542323136,0.8558577992215671,0.7440866469932981,0.5277928499743337
0.9622804333362843,0.8641858489794904,0.7164612921925839,0.5106087749466239
0.9443109219720646,0.8787692430215878,0.7149353984774592,0.5464349577179649
0.9370030341735451,0.8602341522563123,0.759284114077102,0.5247800640291898
0.9518997691621819,0.8993017974189432,0.7463533903424585,0.5453219073080945
0.9498380763343366,0.8974656359661545,0.7287684504031425,0.5783431905863022
0.959447000203957,0.9226856449201892,0.7516893947537341,0.5739796084346793
0.969940758523492,0.886961930336542,0.7440811217868464,0.5426283376838793
0.9530053624952322,0.8587955582356683,0.7481383467337969,0.5372149559455743
0.9693449654825465,0.8638336304006914,0.7175776947446604,0.5422717847083639
0.9653534687358613,0.847500571964431,0.7464025685779865,0.5672486667220644
0.9536565918616502,0.8280982673069804,0.7403779132846353,0.6099197425632739
0.961825208053457,0.900025698307238,0.6715865533968965,0.5841481456909667
0.9602019779118891,0.918818856290032,0.6854746514826542,0.5808306736881959
0.9592845056779703,0.8659918784825851,0.7006623925800003,0.5815916912960777
0.9375985112129538,0.8663226340833426,0.7059083447874864,0.5703612487671991
0.9464645957090996,0.8498534506240687,0.7041868656123826,0.5685706632664748
0.9575811096299702,0.8387870472019621,0.6760449812011315,0.5975271442223427
0.9752168360745236,0.8763431147684618,0.7110628537273342,0.6072021327483009
0.9548346879233351,0.8785221386740568,0.7660414540876032,0.5788958966087129
0.9488443671548792,0.8596868921973737,0.7210226916177009,0.5681570727148341
0.9489422146324386,0.8551193928737261,0.7265432716131208,0.5969279823083645
0.9449873474115805,0.8323938745324985,0.7290843860824237,0.5936122523017222
0.9549699563517293,0.862644258570529,0.7176471779832261,0.5722767632771747
0.9761006214379409,0.8311712445668727,0.7692770793903961,0.5560199056603357
0.9508009958816783,0.821528610754598,0.7371705598131325,0.5234408127976731
0.9575061887138195,0.7937482783835798,0.7042861009550362,0.5262979605245469
0.9772429362890902,0.7703179106518366,0.7595207015794182,0.5709299144919744
0.9493427693894477,0.7902696615832647,0.7153987814228921,0.5996017753035491
0.946534572787883,0.7899834786414793,0.6760293598403866,0.5935067369028139
0.9755165138539807,0.8266328659806766,0.6873216725074014,0.5573419671935224
0.9549638391083052,0.8573760409824714,0.6979031141348656,0.5824975608897066
0.9530909843268143,0.8310734077970717,0.7067519777355497,0.5983162565742145
0.9554531009285213,0.8953428895438794,0.6759922409682505,0.5777907039698296
0.9524757356289121,0.829994176723646,0.6346085933567358,0.5929129355323944
0.9583918786038351,0.7839759614059977,0.6829927877105024,0.566793102513396
0.9531405239857935,0.8758135606140629,0.7013685731249111,0.606675046669808
0.9577435693981764,0.9180630332397457,0.7228536512449574,0.5763531690827616
0.9524195427987706,0.8904545209923806,0.6821050921948378,0.5670220035894792
0.9524835450933498,0.8978087876347272,0.7850854945444861,0.5508818823941917
0.9478410865321283,0.9013420945334739,0.7454628500621244,0.5690984225332159
0.9679127336779593,0.890090655880766,0.7178395117629627,0.5899375378895014
0.9769149019530156,0.9229219682444301,0.6811327308868869,0.5777720849950545
0.9478570082760908,0.8823988243516616,0.7029472867579266,0.6044174865790142
0.946921004241951,0.8896600448246095,0.6919182461905985,0.5814202368875018
0.9639413010448955,0.8772476869874032,0.6885942800534917,0.5682392479731091
0.9526849755048934,0.8956731080101208,0.6820116558325282,0.5656977922067092
0.9453010744899143,0.9114347649875796,0.6947981714995389,0.5615798589260226
0.9636191854052799,0.892623273640769,0.7154972376117057,0.6056419302156679
0.9641817621113251,0.8672000160729622,0.7257692046775219,0.584074807854322
0.9712370763615903,0.8586902339504298,0.7360461682083,0.5472653751902964
0.9580597064757693,0.8275441402993462,0.715808280427147,0.5486908403959702
0.9591719396393723,0.8274881552251786,0.7255113044821939,0.5707745823243365
0.9562862362592879,0.8409398618330929,0.7476507187289068,0.5978775873408312
0.9594404305678694,0.9214559907282489,0.7072338520150573,0.5697581583159514
0.9522285144702534,0.8825692427097198,0.7190610015011542,0.5915887371468405
0.9366542383730364,0.8689447090632575,0.737801102532999,0.5754842812735343
0.9359670155900466,0.813440086780066,0.7337988386598391,0.5820168301435461
0.9449856559040145,0.8511033668637517,0.7032073213857881,0.5702606064430837
0.9287499632966469,0.8956505404637373,0.7738321764205355,0.5712888129685165
0.9451768360978302,0.8579531973132444,0.753238887324293,0.562052192985123
0.957755294021608,0.8610183030334905,0.7508806023485237,0.5762504623258665
0.9526396773088628,0.8741456852647232,0.7753437754139776,0.5764456672516848
0.9495446273211954,0.9133446473097017,0.7728246398226425,0.5695426805412417
0.9573580150465187,0.8532302615560144,0.7162310709221147,0.553642609082204
0.9631653576085736,0.8476342096259044,0.7220346633067677,0.5816051494174735
0.9706520168404634,0.8360865032023242,0.7680262830056106,0.6000217824823738
0.9733498092876247,0.8471674464515583,0.7225937891281504,0.5696075989340628
0.9264653118882147,0.8477401234208171,0.7780804911521626,0.5635130751845976
0.9322232738113732,0.808089948516087,0.7624666936534099,0.5838495147249531
0.9388465398019106,0.8616393318576928,0.736524694127774,0.5681146618068638
0.9235282049580428,0.8797527035088014,0.7626113803987833,0.544767894322345
0.9044883508457362,0.8214470407796839,0.7661420579674237,0.5589270073986319
0.9078372884858451,0.8633459836260478,0.7001692386541709,0.5356434713581754
0.8946798907823876,0.8701090894756993,0.6572566873498548,0.5127725488483476
0.9242392585390049,0.8453395461301564,0.6725368924830439,0.5325221427342026
0.9180276232544028,0.8462145486048496,0.6597370844488791,0.5443488853755104
0.9236760472296739,0.8531239491727898,0.6732997278926094,0.5576981359629064
0.9409653618443623,0.8844105976228019,0.6993798925396829,0.5508991003694668
0.9639858359190229,0.8620275568321755,0.7228256380282482,0.5720488312177114
0.9573373251813331,0.8567023094234802,0.7166346015784475,0.5647153530464598
0.9668518290167806,0.8857168725777856,0.7121296250752979,0.5616635929297458
0.9524854901655841,0.9106447476308749,0.7454473147417441,0.5973632123430302
0.9428029496311335,0.8893268726302442,0.7431644560538073,0.5580805777712321
0.9806674073280106,0.9035284092946732,0.7459589262475148,0.5870319583123033
0.955225887373587,0.8879122713993264,0.7628548773053307,0.5961483918434117
0.9450901559880821,0.9016590478396527,0.6888227010826411,0.5693863485611319
0.9600533041847511,0.8324040151131741,0.7279413700104526,0.5661730596354059
0.9607764952702835,0.8501412391420854,0.7486389525841605,0.5671620697519866
0.9635639618445383,0.8326637949076022,0.7517619030590417,0.557433542226427
0.9720124588097834,0.8541320670752148,0.7399046175985352,0.5543064430568659
0.9632782962254991,0.8476226134023109,0.7668849815970421,0.6035991368000984
0.9764687793938707,0.8539412161276788,0.7371458179125293,0.5814007609793713
0.9816281356991805,0.8626202243365564,0.7418708960681029,0.5969350835200835
0.9582457647939164,0.8850179974385971,0.7606393844555853,0.5725051238115982
0.9586154676737932,0.8938786553028701,0.7379094086229415,0.5662857022222971
0.9680049888569486,0.8545455829640686,0.6898760789552585,0.5632143393884685
0.9757086268585069,0.8265551722697606,0.6891835919796261,0.5637863758867119
0.9663708013558564,0.8178565546604528,0.7180504215937078,0.5889863742916641
0.9585182365365552,0.8583573231046675,0.745555471842402,0.6053934929006819
0.963436058331454,0.8224918737430598,0.7502497495310461,0.5789184234983322
0.9628247291002031,0.8369635526431609,0.6845592013257326,0.56562629611417
0.9767938635442928,0.8448227848033631,0.7033801150233329,0.5886241421659273
0.9599107237719351,0.8794184766537989,0.7622056128575789,0.5713256708782092
0.9525166403006853,0.9024147390386004,0.7804572306117371,0.5863077472389258
0.946964669408334,0.8837569007096269,0.7540280022516443,0.5915715108672827
0.9361023628108247,0.8887963301576085,0.7432235763341735,0.6064719950249
0.9512100289174616,0.8978402325063811,0.7209525230622607,0.5687438796341202
0.9672262162507683,0.8317791064278962,0.7616518398647673,0.5885917144260531
0.9553264024900434,0.8230901823077119,0.7555147024486937,0.5711761093107097
0.9496309412190636,0.7944902882428713,0.7678983100783658,0.5351012744079914
0.9758789608308069,0.7695589968408351,0.7396598902327455,0.529658145952748
0.9736850137896597,0.7996913909234423,0.7140080718582966,0.5268968367186081
0.9187022712327926,0.7724074874723609,0.7163388520852829,0.5444554126879045
0.9436073233168794,0.808501451518794,0.7516153872175256,0.5453605666316184
0.9629065604943902,0.8946321919247068,0.7094373493040215,0.5287971861813158
0.9709374304136142,0.91743660020373,0.729746302506942,0.5246603671984219
0.9756190470438453,0.8370860271594533,0.7054850569094296,0.5234670139805685
0.9766636063156778,0.856822331331402,0.6521202963149276,0.5154680474510434
0.9747238458801994,0.9247156488078141,0.6651628913912028,0.5453205423748306
0.9575476799864191,0.8869918096514466,0.6723841106847503,0.5571520769612114
0.9411711843511954,0.9009817675166512,0.6987334384582133,0.5728278553449895
0.9437053331011842,0.8585987702758401,0.687728828747762,0.5709004775266977
0.9440756471721373,0.8650233377046924,0.7351202112568445,0.5553042641189292
0.9402807219205511,0.8648312529222322,0.7300434352796876,0.5639632181081042
0.9812428384934829,0.8411900042486967,0.7546985585649529,0.5515558922189346
0.955467383429285,0.8718999458911243,0.7604679685591319,0.5606909556437484
0.9571529017160068,0.8090366537048906,0.7640470545668014,0.5717689525869274
0.9433209558082332,0.819800357097259,0.752056520532115,0.5722333942072033
0.9315238148935648,0.8311915393006952,0.7603424440321561,0.5994014368181507
0.9329311670925338,0.8508700022982307,0.7562763192866756,0.5879934141056382
0.9403809173461712,0.8180731776283687,0.7662390723969532,0.5955340007592458
0.9429678757894694,0.8344088012685751,0.7614660709183549,0.593919744132271
0.9388579207181447,0.803679709253489,0.7083172469706001,0.5553746855450209
0.9635488085166788,0.8494714443343626,0.7015160990458099,0.5973079075387352
0.977727983472285,0.8206198060119128,0.7102236589046482,0.5862567988993038
0.9629469023749678,0.7968671585917277,0.6755657080665974,0.5665747398576718
0.969709224252426,0.8267969175212174,0.7501717592701864,0.5619238183333755
0.9615082977763655,0.7932440230684535,0.7607174046493358,0.5514047639790851
0.956128457095138,0.8277346130768338,0.7456821671361736,0.569597173401166
0.9635523149831725,0.8024647718558869,0.6917524612145759,0.6025376973693344
0.9748941627441867,0.853373018856647,0.7316175900526772,0.6006101398960557
0.9714953681349648,0.7876135658640857,0.7146749890872199,0.5710189174810596
0.9799423969615462,0.8061626184339817,0.7005026257702179,0.5190749619597951
0.9561622296004915,0.8560286447046166,0.7479624291901628,0.5435351968793803
0.9459610319556216,0.8677821005541883,0.7643393003537584,0.5529675155864433
0.9410047937024363,0.8566592252209032,0.6752011996427132,0.5575151045622885
0.9612313925020882,0.8440636037001035,0.7252042556873071,0.5700864411679056
0.9737495848915602,0.8385218569738997,0.6940827142618862,0.5469430144131237
0.9563340249208305,0.8498282191402127,0.6832874233285764,0.5422785493786012
0.9775160874206296,0.8871798371903592,0.6873538160470357,0.5326668689183788
0.9819585268529589,0.8571607015125803,0.739950157998418,0.5443677936224256
0.9565063095700927,0.868920256298304,0.7583672519722724,0.5344515470292832
0.9507787757395779,0.8857463182028324,0.7441367827209333,0.5162931286907447
0.9256142227762777,0.8416546474516992,0.7652477284708412,0.5301220479237388
0.8967519210309238,0.8365106709796478,0.7486583404979189,0.5321724020910812
0.9117690813921908,0.8580746470125578,0.7418310045503468,0.5790102807730502
0.9264516158290619,0.8460827903082425,0.7476050504694225,0.56576681616955
0.9518236192261105,0.8430967274086774,0.7641882786972412,0.5219505805284366
0.9542555963198738,0.8121846409093257,0.7467272121248529,0.5808812917256264
0.9790342273614282,0.8432872133053964,0.73404322624187,0.5842683406435053
0.9583866770687355,0.8385470885152758,0.7379869286939931,0.5601952802126392
0.9535006477524525,0.828268304021997,0.7783204925391076,0.5116273966639526
0.9564546936364764,0.8384907788082425,0.7276143277567935,0.5251705819033967
0.9565384682837268,0.8654422465551268,0.738845938250406,0.5068482342341692
0.9729219390364436,0.9036657530785362,0.7446496608714658,0.509270101252946
0.9588930903657974,0.8429896538856907,0.7404551647610932,0.5624827768890682
0.9543242931665566,0.8534806023804065,0.7252423119614754,0.5389154689175004
0.9607109752794036,0.808555891360303,0.7166197510868199,0.5621416828017797
0.9396409602517551,0.8316648336276877,0.702357370139317,0.5774384607567355
0.9348015141217737,0.8892614406583828,0.7202209191721428,0.5797516054315699
0.9243382465589216,0.882979152895456,0.7130894077635623,0.5612718720978213
0.9479394812770743,0.8298924264861474,0.707416354137659,0.5834113572499335
0.9676947521298883,0.8181560512573545,0.7120171049750073,0.604493730070077
0.9712916456224902,0.8270148625521547,0.7435877431725236,0.6033974162309622
0.9689012786317571,0.8268534762422469,0.7238212764000785,0.5774778626893187
0.9540129457929057,0.8399638798138561,0.7492338569067782,0.564688216083455
0.9560793773111949,0.8908573489816783,0.7408393456815142,0.5453803305648608
0.9743491015009513,0.8651149878604375,0.7325341584182669,0.5821265948872417
0.9811945386181039,0.8940708794722563,0.7328900462537613,0.5783060845889577
0.9750709937508755,0.919734351232903,0.6781629493241162,0.5709930342863454
0.9809847882673705,0.8888101692842283,0.7140757533408623,0.5449104421210521
0.9539094644373565,0.9169243787678607,0.7256027683735292,0.5409300994536309
0.9634252922491602,0.8846576990745598,0.7543449442440472,0.5455300914045577
0.9708460485999929,0.9164206872739803,0.7355543434457191,0.5508997320120255
0.9713584500032545,0.8988897881858937,0.7658787234634057,0.5285746406267093
0.9432184698730851,0.8309967377155155,0.7757372543713008,0.5226181514833272
0.945415718161138,0.809717760732012,0.7590132347709383,0.4945900244135509
0.919909035969028,0.8544758384380864,0.7429114854645812,0.46723405976161336
0.9405386364827255,0.8702429469820325,0.7438953221465382,0.5141738844940851
0.9473401351197674,0.8592148111093472,0.767505846033805,0.48784328790613696
0.9664977227945365,0.868446775877402,0.7434175680333901,0.5088265716027005
0.9645161233545407,0.8741591928448905,0.7369896793937012,0.5217227250170772
0.9602111745159473,0.8872301569595593,0.7461560661702298,0.5487894761014147
0.9548751077751392,0.8842679400695643,0.7534015337091705,0.5292837282171543
0.9458536494089287,0.8513005867430484,0.7293720937096168,0.5266011228813176
0.948691138811302,0.8871151530603563,0.6876393446807402,0.5291379601895564
0.9768201881046255,0.8386566210074963,0.7188829564573518,0.5678866027283418
0.9706181504478023,0.8284808014218146,0.7367025513793446,0.5810373069596086
0.9765678768562982,0.8407091067202277,0.745369598699201,0.5628075047191785
0.9573177560202365,0.8504994317117547,0.7533628901289079,0.6081991232828394
0.9722737416494549,0.9203394740145535,0.7149334626758499,0.5812625722785694
0.9539184220414165,0.885810014207564,0.7100040164337795,0.5792996869338074
0.9410312668579649,0.8856340908015212,0.6942926479267312,0.5753797650360643
0.9473913524649591,0.8823414860856995,0.6740796139019974,0.6030209316400653
0.9475351763014636,0.87379504701851,0.6672429312323567,0.571604062856372
0.9682488324957574,0.8840687684014537,0.6124889010918102,0.5895753653441888
0.9565293848912633,0.8554042762649299,0.6127882534227281,0.5932202055239321
0.9575705506441385,0.871139465962919,0.6275634403965651,0.5970100868814421
0.953371538717353,0.8727901265589282,0.639291706983322,0.5868903984599793
0.9724115634088083,0.8883622462522902,0.6469597186265554,0.5828354492416693
0.9553623244754498,0.8983593399560245,0.6477299575572761,0.568313666913813
0.9520522971221129,0.8868647167485201,0.6353257073449509,0.593500105056181
0.9267323318932917,0.8673568289224942,0.6777147073103349,0.5736296458831011
0.9121312903541678,0.8697939147219512,0.6939404411497562,0.587742369301724
0.9033774194053851,0.8242884665221164,0.7012945745597225,0.6020692575924321
0.9322895956440751,0.8545439150798262,0.7198212378483544,0.5683350842114548
0.9103289951618587,0.8027107103720162,0.751327148052697,0.5795595101979781
0.9416388992447811,0.8104306686151482,0.706060893499887,0.5365203778498209
0.9422657838441119,0.7802974820822454,0.7297080395482081,0.515101780601536
0.9594652278187458,0.7892912792630853,0.693257432012765,0.568753250849342
0.9594489957533234,0.8205548774055834,0.7019453264769568,0.5594215230446
0.9562599351801436,0.8903324949789406,0.7199182232221872,0.5184218535203334
0.9603961906526011,0.856709360376073,0.7061835096818587,0.5339218514693476
0.9405639975264227,0.8730020578325085,0.7227935332232478,0.5611396680241856
0.9318136507366066,0.9004031515395146,0.738324879946059,0.5491055778987849
0.9410719262837414,0.8929105936896125,0.747578537641169,0.5421355014669391
0.9307182179712251,0.8397065774537024,0.7439917772872335,0.5670630623788765
0.930113692870516,0.8847186256694716,0.7499960990771305,0.5844391845598843
0.9391589184674746,0.9110845292319907,0.7619988741159115,0.575145352737359
0.9386346402467993,0.9017073742513383,0.7249299433221605,0.5432495646344264
0.9353198379663072,0.8839829715457607,0.6350305842879603,0.5572989495575973
0.9336171652780282,0.8872053888642091,0.6920912625089917,0.5616637068719437
0.9316554806985345,0.888362887409535,0.7089377255094765,0.5656866403383649
0.9412635164282432,0.8732720616042746,0.6913764935587081,0.5793072539977715
0.9602252625855877,0.8629426277041091,0.7127878836730752,0.5625749302874281
0.9381316001311724,0.8289668621666793,0.7797530444597552,0.5597251715942156
0.949741362583707,0.8336461293673607,0.7695123456507685,0.5610685549227514
0.9272544768308371,0.8467630949078692,0.7447805287293103,0.5896086924609476
0.92792311842774,0.8480939566679143,0.7552414595405726,0.5677166912180645
0.9154169870558911,0.8606080220198757,0.7100731808355937,0.5700750949344913
0.9339267918502375,0.8710273138048865,0.6714380650467303,0.5757398712573409
0.9271836061220179,0.9062929722278569,0.6967181864042303,0.6040737397270279
0.9117845637055755,0.8759555044913351,0.6511678443994107,0.5678820196488764
0.9261703775264796,0.8905012080864158,0.7116351873004014,0.5306389423511155
0.9231962098615307,0.8850810255759112,0.7230898578254206,0.5274393802339838
0.9397868669643242,0.8684600172617115,0.7195705372774192,0.5460450279541034
0.940698441171882,0.8175011399960903,0.6612945851083604,0.5606481790996518
0.9727561129105062,0.8408333835595708,0.6702836088562915,0.5516188296311836
0.9762264698454051,0.9007627492936958,0.7068523948420651,0.5431064977200352
0.9674367319472554,0.8705126132465058,0.7041235866054483,0.5353870622966023
0.9603342822105293,0.8501967304455369,0.7034541146829818,0.5537159346100413
0.9693128936552443,0.8957498722653555,0.7127132497827506,0.5741598873347741
0.9786219246547257,0.8684752134968586,0.7674618299789248,0.5613453516506158
0.9526420841817647,0.907170902958496,0.7494094423132421,0.5324615740615203
0.9377957022246501,0.8497527053066806,0.7691476474651541,0.472734707661552
0.9508257863762157,0.7940438038835641,0.7492047194340083,0.4812353411608589
0.9502334583150277,0.7900006931172786,0.6843233519023659,0.46576157976981347
0.9691130387026384,0.8651630008618811,0.693742479162882,0.4740617364809814
0.9570983347863389,0.8633809091170146,0.7229936583491902,0.4860086448966313
0.9522856074159085,0.8663025838759195,0.7115415925259353,0.5297200185658703
0.9421283326941629,0.8679823709370678,0.7525406567334313,0.5289648356264183
0.9408003021578559,0.8734162194877452,0.7676517201128464,0.548932820789792
0.9474364028666223,0.8882591713182242,0.7607137933126469,0.5390862512739636
0.9604749904771887,0.8594391188300989,0.7215420429282462,0.5443973880156356
0.9463050069115186,0.8330759534668488,0.772136889867384,0.5331194515187683
0.9276121743894912,0.8034849310493762,0.760024809061738,0.5436883504981865
0.9346283882346166,0.851075390826835,0.7221263256272847,0.5681377326578176
0.9219035607038977,0.8577880185010692,0.7077281420492453,0.5785726397855819
0.9239334615406346,0.8596029103360694,0.6771347609909673,0.5785424455657224
0.9063922112728866,0.8462943044511474,0.6897942998125979,0.5283256915571455
0.9290528287484536,0.9074825483754648,0.6969756150312765,0.5871216143861588
0.8962786172600744,0.8888801777611219,0.6948904558393898,0.5572296419832474
0.8937200640227481,0.9252480171290035,0.695425380704899,0.5562026831320027
0.9094746311602222,0.8900638457965425,0.7461645885290066,0.5930372162272153
0.8986699914218303,0.8493489500190179,0.7705741188885031,0.58472123942406
0.9144236062302167,0.7981022399553985,0.7502400782629052,0.5912131506097235
0.9333564505072923,0.7865200138596697,0.7533631218307864,0.5846770751663466
0.8960961311989959,0.789459915092126,0.7479172524319129,0.5562342960579154
0.9232688935223807,0.8084045950094847,0.7329910572206682,0.5857060356783845
0.9195322641020591,0.8317977935500669,0.7196303137197995,0.5927189739893369
0.9451605268634965,0.834745419111746,0.7376252923733445,0.5735506889020359
0.9562963168891754,0.8207018863487846,0.7547074105717737,0.5481301081806632
0.9316723427877526,0.8187084800280325,0.7448550712470899,0.5741599764557195
0.9400078469145647,0.8374676137815031,0.7672987771648434,0.5416426434733225
0.927872740487197,0.8168432323269224,0.7308696927847115,0.5449427466843125
0.9277528780637289,0.848103402794733,0.7319899427338779,0.569861694286054
0.932359760441025,0.8667071038113964,0.7322783297231579,0.5785747927173239
0.9514733079290187,0.8212748871665767,0.7230372040947869,0.5485683661280708
0.9385654351739458,0.8617931334463917,0.7390987297638616,0.56367522309794
0.9113086767944035,0.8815438927361449,0.7261700413477654,0.5651755848455664
0.8843834283418188,0.8783954004764335,0.6967965165739538,0.5525131387302573
0.880494860774113,0.887112742469045,0.6921689307969192,0.5580460440293004
0.8957607336242316,0.8284476082209296,0.647310108289484,0.5635326093052618
0.9005855696562952,0.7751905741502941,0.6395198284188822,0.5665604184012772
0.9360296806995391,0.7649075960098469,0.6728762517512622,0.6035196757751821
0.9631626506259955,0.8197401548225064,0.6469629898024827,0.5681253618660665
0.9672053386611388,0.8387685776516033,0.6673175732016287,0.588067361880797
0.9435798558376759,0.8438020315629027,0.740816391262351,0.5675141994167429
0.9315419160014226,0.7967744554074832,0.6893163336003247,0.53378188486155
0.9418917855310689,0.8221736302881156,0.7405823190803542,0.5285089909810821
0.9120618304140359,0.7953468861939715,0.7528069068143408,0.5148988036041021
0.929390885117124,0.8030374589132688,0.7298159016145767,0.5193948927925668
0.9290555018990823,0.8076795673367854,0.6954352467312186,0.5006343073337954
0.9172164520186915,0.8372644457180487,0.7199476152328326,0.5475612645476701
0.9154029566781952,0.8399381673420122,0.7178283866175922,0.5153374337909944
0.924208984139203,0.8115694633379907,0.7224363858366634,0.503959466028445
0.9105533862626893,0.8046640131522919,0.6913731689827611,0.49700853706345766
0.9459309590030854,0.7974857257448686,0.6955800743700074,0.5320269440304065
0.9395622214020009,0.8266650525322274,0.6835675356066703,0.5515839267385265
0.9394103387975075,0.8412269669913136,0.6460363190817096,0.5618945540508017
0.90435060769311,0.8740677691299648,0.6370218765910671,0.5471801422709349
0.903410413974191,0.8325587618075764,0.6637480475782295,0.5613250149087244
0.9254298731100626,0.8926843710782463,0.6557873776159959,0.5887840332019716
0.9241170999666386,0.8826240895170157,0.6443026674206406,0.5450376361561399
0.9167436270163536,0.8780032988125679,0.6935021789708903,0.5342592050236465
0.9378333484040438,0.8664917510011616,0.663428257771036,0.5213456685676352
0.9332601056180535,0.8368288825586241,0.6605578009208047,0.5174737366311655
0.923104044184018,0.8833624629575011,0.6349558718518055,0.4868941405251015
0.9270100832690811,0.8038346868495181,0.6425653904304813,0.47778248593890754
0.9549757715542866,0.8084176216816757,0.6377915207804179,0.4944845776260553
0.9540254701830297,0.844776223584035,0.6313824704459492,0.5101379913706127
